name,entry_id,spacegroup,ntypes,band_gap,delta_e
ZnO,20684,Pm-3m,2,0.0,-0.932217242939378
CuO,11469,Fm-3m,2,0.0,-0.673435953782877
TiO,17898,Fm-3m,2,0.0,-2.52230953983251
VO,5578,Fm-3m,2,1.191,-2.25997276058168
BeO,20737,F-43m,2,7.021,-2.96037920793938
MgO,2577,Fm-3m,2,4.975,-2.94594340252271
MnO,2578,Fm-3m,2,0.423,-2.03612689904531
NiO,2580,Fm-3m,2,2.62,-1.23937222615822
ZnO,20685,F-43m,2,0.967,-1.64199892293938
AgO,6628,F-43m,2,0.0,-0.00377387168937737
NiO,13807,C2/m,2,2.61,-1.24138583615822
FeO,5404,Fm-3m,2,0.0,-1.2172480271465
ZnO,6958,Fm-3m,2,1.084,-1.50366150793938
AlO,5632,Fm-3m,2,0.0,-1.41558020793938
NiO,8206,R-3m,2,2.611,-1.24151304615822
CaO,5181,Fm-3m,2,3.687,-3.19367239793938
PdO,5611,P4/mmm,2,0.0,0.162874952060623
SrO,22298,Pm-3m,2,2.792,-2.52621002293938
SrO,5182,Fm-3m,2,3.363,-2.94105617793938
PaO,4671,Fm-3m,2,0.0,-1.42564590793938
BaO,5183,Fm-3m,2,2.111,-2.68244427293938
TaO,11517,Fm-3m,2,0.0,-1.09754764293938
O,6836,Fmmm,1,0.0,0.0956113312499998
ScO,11516,Fm-3m,2,0.0,-3.10399899543938
YbO,19509,Fm-3m,2,3.583,-3.50830931793938
BeO,5180,Fm-3m,2,8.496,-2.48674274293938
CdO,4707,Fm-3m,2,0.0,-1.23617653293938
NbO,6924,Fm-3m,2,0.0,-1.36391431793938
NpO,6097,Fm-3m,2,0.0,-2.61667458706062
PdO,7540,I4/mmm,2,0.0,-0.196037157939378
GdO,4731,F-43m,2,0.0,-2.88756785668938
PuO,6098,Fm-3m,2,0.0,-2.69164421541103
NiO,21113,Fm-3m,2,2.627,-1.23863952115822
BiO,5822,R3m,2,0.0,-0.733636390439377
ZrO,13641,Fm-3m,2,0.0,-2.42349611293938
PtO,17895,Fm-3m,2,0.0,0.339314437060622
FeO,14796,R-3m,2,1.259,-1.5186563421465
UO,4570,Fm-3m,2,0.0,-2.64172886920142
SnO2,21472,Fm-3m,2,0.622999999999999,-1.70816814286957
O,8088,R-3m,1,0.0,0.0704665712499999
PrO,13991,Fm-3m,2,0.0,-2.91241899168938
SmO,13998,Fm-3m,2,0.0,-2.97461337168938
ZrO2,17899,Fm-3m,2,3.344,-3.5646174672525
CrO,19121,Fm-3m,2,0.0,-1.93097746756901
PdO,13989,Fm-3m,2,0.0,-0.203769972939377
K2O,8501,Fm-3m,2,1.942,-1.16374723195958
SrO2,4577,I4/mmm,2,3.152,-2.15934994058584
Li2O,4179,Fm-3m,2,5.091,-1.97865190529292
O,3747,C2/m,1,0.0,0.0866220362500005
UO2,4571,Fm-3m,2,0.0,-3.51258465809387
BaO2,4576,I4/mmm,2,2.349,-2.11846348058584
Na2O,11317,Fm-3m,2,2.219,-1.42864745252735
PuO2,6102,Fm-3m,2,0.0,-3.26083678890027
LiO2,30681,Fm-3m,2,0.0,-0.253494947252503
PaO2,5629,Fm-3m,2,0.0,-3.05619005391917
Al2O,5631,Fm-3m,2,0.0,-0.0480285452929182
SiO2,8352,Fm-3m,2,2.245,-1.8129717322525
TbO2,5617,Fm-3m,2,0.0,-2.78571300547473
BaO2,22213,Cmmm,2,1.994,-1.97963893391917
Ag2O,3889,P-3m1,2,0.0,-0.118081310292918
Rb2O,13996,Fm-3m,2,1.637,-1.04751418529292
HgO,3506,Immm,2,0.0,-0.324666660422511
CSO,6273,R3m,3,4.762,-0.744891035797371
KO2,6949,I4/mmm,2,0.0,-1.08173259558584
RbO2,30892,I4/mmm,2,0.0,-1.0604990772525
Cs2O,5411,R-3m,2,1.251,-1.11019405862625
NpO2,30883,Fm-3m,2,2.612,-3.71040866
PtO2,20807,C2/m,2,1.415,-0.722288417252502
CsO2,6963,I4/mmm,2,0.0,-1.0705506072525
NiO2,15700,C2/m,2,1.249,-0.614340626065063
PbO2,13988,Fm-3m,2,0.0,-1.01453971058584
CsO,4779,Immm,2,1.902,-1.21283872543938
NaCuO2,2985,P-1,3,0.749,-1.23541745107404
LiO3,22226,Imm2,2,0.0,-0.918965089409066
AlCuO2,4794,R-3m,3,2.332,-2.33172943586113
RbNdO2,5306,R-3m,3,3.697,-2.77067115168938
GaCuO2,4795,R-3m,3,1.336,-1.58872746961113
RbSmO2,5307,R-3m,3,3.774,-2.82116546481438
FeCuO2,4541,R-3m,3,1.003,-1.34307008796469
RbGdO2,5309,R-3m,3,3.755,-2.87809610481438
YbAgO2,20695,R-3m,3,0.0,-1.77326536731438
LiNiO2,5059,R-3m,3,0.0,-1.4378831920488
PbO,11722,Cmma,2,1.276,-1.32119588293938
NaNiO2,5060,C2/m,3,0.43,-1.31011120476171
NaFeO2,6858,R-3m,3,1.679,-1.80917220525585
NaCuO2,14554,C2/m,3,0.873,-1.23287632607404
KPrO2,3022,R-3m,3,3.737,-2.79000108356438
RbDyO2,3023,R-3m,3,3.704,-2.91155087460604
RbHoO2,3024,R-3m,3,3.854,-2.92551102627271
ReO3,17897,Pm-3m,2,0.0,-1.90076963815907
NaNO2,2487,Imm2,3,2.453,-1.15755900948816
RbEuO2,5308,R-3m,3,0.0,-2.10973106293938
PtO,5057,P42/mmc,2,0.0,-0.448628197939378
UO3,5086,Pm-3m,2,2.536,-3.10540211754009
RbLaO2,5305,R-3m,3,3.691,-2.82850909293938
CrCuO2,5088,R-3m,3,1.787,-1.87288765067594
CaO,20481,P63mc,2,3.481,-3.12330115043938
CdO,20482,P63mc,2,0.218,-1.22604558293938
FeAgO2,6134,R-3m,3,1.089,-1.19788795191794
CuO,3294,C2/c,2,0.0,-0.805811471282877
MgO,22327,P63/mmc,2,3.615,-2.91228378502271
SrCdO2,22270,P4/mmm,3,0.452,-2.06204610543938
CuAgO2,16382,C2/m,3,0.0,-0.565773075236127
LiCrO2,16688,R-3m,3,2.983,-2.44932507025419
NaAlO2,4130,R-3m,3,5.253,-2.76277081065229
CaO2,3853,I4/mmm,2,2.964,-2.17319654058584
MnCuO2,5833,C2/m,3,0.376,-1.54633147891409
CaFeO2,21996,P4/mmm,3,0.0,-2.31290294004294
RbErO2,3025,R-3m,3,3.856,-2.94241997543938
RbTmO2,3026,R-3m,3,3.737,-2.95735132043938
RbYbO2,3027,R-3m,3,0.0,-2.08740068043938
RbLuO2,3028,R-3m,3,3.746,-2.97232985668938
NaCrO2,18925,R-3m,3,2.903,-2.3317397054671
CaHgO2,14572,R-3m,3,2.334,-1.95030918168094
NiAgO2,13293,R-3m,3,0.0,-0.747164251423798
LiMoO2,20992,R-3m,3,0.0,-2.02853896793938
BaHgO2,13306,R-3m,3,2.457,-1.80310736918094
NaInO2,6137,R-3m,3,2.159,-1.88506667315229
LiVO2,22805,R-3m,3,1.92,-2.52194344426053
RbScO2,6141,R-3m,3,3.638,-2.86666058918938
NaErO2,16663,R-3m,3,4.407,-3.08454897565229
VBr2O,4620,Immm,3,0.425,-1.59993611399876
LuAgO2,23340,R-3m,3,2.42,-2.57672190106438
InCuO2,10010,R-3m,3,0.691000000000001,-1.40852790586113
AgRhO2,23958,R-3m,3,0.545,-0.745707587314377
PbO,3110,P4/nmm,2,1.175,-1.32143429543938
CaCuO2,13620,P4/mmm,3,0.0,-2.02243212086113
ZnO,4908,P63mc,2,1.044,-1.64890428793938
NiHO2,21575,P3m1,3,0.0,-0.938049775094842
SnO,3126,P4/nmm,2,0.0,-1.53574424136498
NaMnO2,3382,C2/m,3,1.292,-2.01967775370526
CrAgO2,2362,R-3m,3,1.758,-1.73061092462919
Sr2SO,21087,P4/mmm,3,2.241,-2.39751245497303
UO3,3142,Amm2,2,1.1,-2.94005363004009
PdO,4684,P42/mmc,2,0.0,-0.649403047939377
BeO,3167,P63mc,2,7.918,-2.96620982793938
LiAlO2,5487,R-3m,3,6.673,-2.93298964543938
BaO,3061,P4/nmm,2,3.593,-2.54295045793938
SrFeO2,26573,P4/mmm,3,0.0,-2.26755776754294
LiGaO2,5507,R-3m,3,4.198,-2.17751749668938
O,20846,P63/mmc,1,0.0,0.0978031987500003
CdHgO2,13429,C2/m,3,0.667,-0.863034931680944
BaSrO2,22179,P4/mmm,3,2.407,-2.76113920793938
BaCaO2,22182,P4/mmm,3,2.132,-2.73560776793938
WO3,18878,Pm-3m,2,0.784,-2.41885696940907
MgO,20575,P63mc,2,3.634,-2.90752877752271
SrCaO2,22176,P4/mmm,3,3.351,-3.01844659793938
YCuO2,11368,R-3m,3,3.198,-2.63867609961113
LiRhO2,5699,R-3m,3,1.547,-1.42627049543938
NdNiO2,16771,P4/mmm,3,0.0,-2.3137747682988
NiHO2,21576,Cm,3,0.578,-0.994526255094842
BaO,22045,P63/mmc,2,2.483,-2.65650350543938
CuO,12668,Cc,2,0.0,-0.802799946282876
CsIO3,6316,Pm-3m,3,0.0,0.730957771987084
NaTaO3,5554,Pm-3m,3,2.548,-2.91635288969758
NaTlO2,4772,R-3m,3,0.846,-1.31656839690229
NaVO2,26833,R-3m,3,1.769,-2.40462210697344
CuO2,16596,C2/m,2,0.0,-0.411173391148169
ScBiO3,20169,Pm-3m,3,1.047,-2.29434356152725
BaIrO3,11990,Pm-3m,3,0.0,-1.70404896952725
KCrO2,18926,R-3m,3,2.912,-2.16765796150419
SrVO3,18928,Pm-3m,3,0.0,-2.84874172058417
LaAlO3,5555,R-3m,3,3.615,-3.55336915352725
NdAlO3,6610,R-3m,3,3.123,-3.48295229652725
VCl2O,4619,Immm,3,0.974,-1.8261710756004
Na3ClO,12273,Pm-3m,3,2.245,-1.67997326681056
NaVO2,26834,C2/m,3,1.527,-2.40415364197344
RbTlO2,6278,R-3m,3,1.151,-1.18965219418938
NaTaO3,5553,Cmmm,3,2.55,-2.91481871169758
Li3BrO,12263,Pm-3m,3,4.663,-1.84262149665892
BaPaO3,11467,Pm-3m,3,1.848,-3.07863041152725
PrAlO3,6609,R-3m,3,3.03,-3.47900221302725
KTaO3,7149,Pm-3m,3,2.362,-2.91873576252725
K3BrO,6392,Pm-3m,3,1.181,-1.48715219565892
CaTiO3,6126,Pm-3m,3,1.881,-3.2903997162845
SrNbO3,7656,Pm-3m,3,0.0,-3.01246457352725
ZrTaNO,13639,P-6m2,4,0.0,-1.28002739030557
SrCrO3,18946,Pm-3m,3,0.0,-2.5299322553791
HfPbO3,20456,Pm-3m,3,2.718,-2.79935192852725
BaTiO3,13238,R3m,3,2.206,-3.28668699628451
LaAlO3,6611,R-3m,3,3.713,-3.55342719152725
RbUO3,16895,Pm-3m,3,2.997,-3.11086555603207
LaCrO3,7410,Pm-3m,3,1.81,-3.0812347813791
NdVO3,5640,Pm-3m,3,0.0,-2.95933658758417
SrHgO2,20905,R-3m,3,2.394,-1.88784440918094
KNbO3,2517,P4mm,3,1.727,-2.69277059652725
Ca3SnO,22278,Pm-3m,3,0.0,-1.74723239254599
KUO3,8436,Pm-3m,3,2.996,-3.13726971903207
Rb3AuO,13573,Pm-3m,3,0.24,-0.771227977175751
CeVO3,5638,Pm-3m,3,0.0,-2.98208725408417
PrVO3,5639,Pm-3m,3,0.0,-2.97248840808417
NaRhO2,12126,R-3m,3,1.286,-1.36083727065229
NaCNO,5255,R3m,4,4.691,-1.12822676739348
Li2NiO2,13268,P-3m1,3,4.07,-1.69025944163904
LaTiO3,5628,Pm-3m,3,0.0,-3.4135604062845
CeCrO3,5642,Pm-3m,3,1.619,-2.9919613868791
BaMoO3,8209,Pm-3m,3,0.0,-2.58380821952725
InBiO3,20168,Pm-3m,3,0.0,-1.17726902452725
LaVO3,5637,Pm-3m,3,0.0,-3.08124856058417
NbAgO3,9999,Pm-3m,3,1.599,-1.98946144302725
NdCrO3,5644,Pm-3m,3,1.794,-2.9764818243791
Yb2SO2,19147,P-3m1,3,0.0,-2.28089919115417
RbO,4778,Immm,2,2.11,-1.20215315543938
TiPbO3,19719,Pm-3m,3,1.572,-2.49302405228451
SmCrO3,5645,Pm-3m,3,1.754,-2.9508059828791
LaAlO3,19752,Pm-3m,3,3.585,-3.55441258352725
PrCrO3,5643,Pm-3m,3,1.906,-2.9864463688791
NaTiO2,8092,R-3m,3,0.0,-2.67627829159886
KTlO2,6277,R-3m,3,1.249,-1.25599002043938
BaFeO3,5630,R-3m,3,0.0,-2.0918701572101
BaPuO3,8208,Pm-3m,3,2.125,-3.26498145051591
LiCuO2,13475,C2/m,3,0.632,-1.31686260086113
SrRuO3,23872,P4/mmm,3,0.0,-1.97952143952725
NaRuO2,21623,R-3m,3,0.0,-1.30902120065229
MgH2O2,6441,P-3m1,3,4.612,-1.91129370305851
NaMoO2,21175,R-3m,3,0.0,-1.85261917065229
Ba3SnO,22279,Pm-3m,3,0.0,-1.49516659054599
TlClO3,13758,R3m,3,4.593,-0.613296185651077
SrTcO3,19000,Pm-3m,3,0.0,-2.28878191852725
BaTiO3,5424,Pm-3m,3,1.689,-3.27980267828451
BaFeO3,5676,Pm-3m,3,0.0,-2.0952342452101
Li2NiO2,12776,P-3m1,3,4.067,-1.69166842563904
AgCNO,5379,Cmmm,4,0.0,2.15983326594443
CdH2O2,20960,P-3m1,3,1.911,-1.20159365722517
AgNO2,4461,Imm2,3,1.445,-0.390726903650254
TiPbO3,1960,P4mm,3,1.589,-2.51383684028451
Lu2SO2,19148,P-3m1,3,3.285,-3.47948282515417
MnH2O2,4364,P-3m1,3,1.806,-1.54004162166755
OsCl2O,15020,Immm,3,0.0,-0.93941850927925
BaTiO3,3105,P4mm,3,1.69,-3.28392896228451
TlIO3,11567,R3m,3,2.587,-0.831032483012916
BaTiO3,5423,P4/mmm,3,1.685,-3.28005576628451
SrRuO3,12601,Pm-3m,3,0.0,-1.97839252552725
LaFeO3,5683,Pm-3m,3,0.0,-2.6556227252101
LaMnO3,5684,Pm-3m,3,0.0,-2.85875525796963
SrHfO3,5696,Pm-3m,3,3.85,-3.61735319052725
SrMoO3,12884,Pm-3m,3,0.0,-2.60904363552725
CeAlO3,23143,Pm-3m,3,3.139,-3.46955834902725
SrHfO3,20449,P4mm,3,4.008,-3.61721992252725
CaZrO3,5651,Pm-3m,3,3.453,-3.31909612552725
Rb3BrO,13911,Pm-3m,3,0.48,-1.41145698265892
KScO2,6483,R-3m,3,3.912,-2.96539449043938
TlBrO3,13865,R3m,3,3.143,-0.52222153401042
TlIO3,13866,R-3m,3,0.0,-0.590331865012916
NaO3,15265,Imm2,2,0.0,-0.882153072121978
Yb3PbO,25799,Pm-3m,3,0.0,-1.80402492517575
AlBiO3,20086,Pm-3m,3,1.819,-2.26260567452725
GaBiO3,20087,Pm-3m,3,1.469,-1.57269609752725
SrSnO3,5220,Pm-3m,3,1.719,-2.44399317889749
CaSnO3,5694,Pm-3m,3,1.996,-2.34428187689749
Yb3SnO,25798,Pm-3m,3,0.0,-1.89604919854599
SrRuO3,20057,Pm-3m,3,0.0,-1.97766478752725
BaTbO3,16880,P4/mmm,3,0.0,-2.79522049246059
BaSnO3,5222,Pm-3m,3,1.013,-2.43842749489749
SrTiO3,4199,Pm-3m,3,1.887,-3.35096099028451
Sr3SnO,22643,Pm-3m,3,0.0,-1.61672184654599
SrZrO3,5219,Pm-3m,3,3.553,-3.44306304152725
BaZrO3,5221,Pm-3m,3,3.317,-3.47419320952725
K2HgO2,5331,I4/mmm,3,2.267,-1.22678022734476
RbBrO3,13400,R3m,3,3.761,-0.93740615301042
BaThO3,5679,Pm-3m,3,3.273,-3.51663968877575
Er2SO2,19146,P-3m1,3,3.295,-3.46115662715417
K3IO,6770,Pm-3m,3,1.314,-1.37038369266141
KIO3,16709,R3m,3,2.3,-1.22501325101292
CsBrO3,13401,R3m,3,4.077,-0.950553481010419
Pr2SeO2,16327,P-3m1,3,2.469,-3.1522166693515
Ba3PbO,17034,Pm-3m,3,0.0,-1.43871206717575
Li2PdO2,3756,Immm,3,1.239,-1.5223116763515
CaTiO3,6125,Cmmm,3,1.879,-3.29324723228451
BaTiO3,5984,Amm2,3,1.941,-3.28539708228451
Tb2O3,20293,P-3m1,2,4.338,-3.50383387539392
FeBiO3,3855,R-3m,3,0.0,-1.3564198542101
TiPbO3,5682,P4/mmm,3,1.478,-2.49109450028451
NaWO3,5500,Pm-3m,3,0.0,-2.37749825969758
Dy2O3,20294,P-3m1,2,4.402,-3.78775973819392
Gd2O3,20292,P-3m1,2,4.256,-3.74186562252725
Tm2O3,20297,P-3m1,2,4.468,-3.85003795152725
KErO2,5204,R-3m,3,4.274,-3.01216667668938
Ho2O3,20295,P-3m1,2,4.468,-3.80601544686059
Sr3PbO,17033,Pm-3m,3,0.0,-1.54423797717575
Li2MnO2,6899,P-3m1,3,2.92,-2.00660602079388
TaSnO3,5247,Pm-3m,3,0.0,-2.21860477689749
RbClO3,2694,R3m,3,5.25,-1.03987081265108
CaSnO3,5392,Pm-3m,3,0.0,-1.04150576889749
FeBiO3,3890,R-3m,3,0.0,-1.3560308882101
Ca3PbO,17032,Pm-3m,3,0.0,-1.65921205117575
CaSiO3,7321,Pm-3m,3,4.027,-3.05266491652725
ZrPbO3,24061,Pm-3m,3,2.761,-2.63315978952725
K3AuO,14248,Pm-3m,3,0.658,-0.846912602175751
AgNO3,6520,R3m,3,1.523,-0.507866316095954
BaNpO3,11468,P4/mmm,3,2.366,-3.33861833117575
Nd2SO2,6174,P-3m1,3,3.06,-3.30530860715417
Tm2SO2,30894,P-3m1,3,3.34,-3.47703852515417
SrFeO3,20661,Pm-3m,3,0.0,-2.1872140252101
Gd2BiO2,23917,I4/mmm,3,0.0,-2.8531922763515
Er2O3,20296,P-3m1,2,4.529,-3.82271995152725
NaNbO3,5544,Pm-3m,3,1.748,-2.66581874569758
Nd2TeO2,4145,I4/mmm,3,1.821,-3.05263696301817
ScAgO2,27098,R-3m,3,2.348,-2.49058437606438
KIO3,5541,Pm-3m,3,0.0,-1.03733270701292
Ho2SO2,19145,P-3m1,3,3.229,-3.45242714648751
GeO2,2476,P42/mnm,2,1.906,-1.88885828891917
Nd2O3,5470,P-3m1,2,4.049,-3.59014328752725
Yb2SO2,4357,Cmm2,3,0.0,-1.25341966715417
Y2SO2,19839,P-3m1,3,3.246,-3.40174580115417
CrHO2,1904,R3m,3,2.84,-2.02700047330024
BaCeO3,5678,P4/mmm,3,0.0,-2.66969925902725
LaCuO2,3696,R-3m,3,3.16,-2.60254310336113
Lu2O3,20298,P-3m1,2,4.472,-3.86784545552725
Sm2O3,20291,P-3m1,2,4.304,-3.66320292452725
KLaO2,5203,R-3m,3,3.962,-2.87337270668938
Ho2SeO2,4852,P-3m1,3,2.224,-3.30419831968483
TiO2,2475,P42/mnm,2,1.745,-3.21575255518126
SnO2,2477,P42/mnm,2,1.201,-1.95348513953624
CeGaO3,13652,Pm-3m,3,0.0,-1.32906246602725
BiOF,4524,P4/nmm,3,3.494,-2.09017786333662
SmCuO2,3699,R-3m,3,3.123,-2.57170282773613
EuCuO2,3700,R-3m,3,0.0,-2.03705984836113
TiCdO3,6317,Pm-3m,3,0.0,-0.489732622284506
Pr2SO2,19141,P-3m1,3,3.114,-3.27424789015417
Tb2SO2,19143,P-3m1,3,3.137,-3.16724036702084
K2NiO2,4050,I4/mmm,3,2.939,-1.31073326563904
NdCuO2,3698,R-3m,3,3.097,-2.52544053711113
RuCl2O,15019,Immm,3,0.0,-0.99057673177925
NiAg2O2,26237,C2/m,3,0.0,-0.576018266639038
PrCuO2,3697,R-3m,3,3.158,-2.49943643273613
Yb2SeO2,4853,P-3m1,3,0.0,-2.2990017683515
Y2BiO2,23908,I4/mmm,3,0.0,-2.8354411133515
CrPbO3,20288,P4/mmm,3,0.0,-1.7222623133791
CaH2O2,3112,P-3m1,3,4.402,-2.06746166122517
Y2O3,20290,P-3m1,2,4.375,-3.73715441152725
Sm2SO2,30893,P-3m1,3,3.091,-3.35580268215417
Gd2SO2,30396,P-3m1,3,3.128,-3.41419394415417
LaGaO3,13651,Pm-3m,3,0.0,-1.48675240852725
NiH2O2,5455,P-3m1,3,3.844,-1.20308925851271
Ho2BiO2,23914,I4/mmm,3,0.0,-2.88547027068483
Rb2NiO2,12124,I4/mmm,3,2.823,-1.26725817163904
La2SO2,2902,P-3m1,3,3.262,-3.41007021915417
VPbO3,19572,P4mm,3,1.001,-2.05965225658418
Ce2O3,19840,P-3m1,2,3.967,-3.49303088452725
FeBiO3,21380,Cm,3,1.27,-1.5341249882101
KNbO3,2928,Amm2,3,2.041,-2.69421751252725
La2BiO2,27120,I4/mmm,3,0.0,-2.8730054873515
CuCO3,2420,Cm,3,0.0,-1.00074541336465
Er2BiO2,27122,I4/mmm,3,0.0,-2.8908573753515
Pm2O3,16543,P-3m1,2,4.003,-3.64103890052725
Ce2TeO2,15784,I4/mmm,3,1.955,-3.00022148601817
Pr2TeO2,15785,I4/mmm,3,1.916,-3.03048663201817
Gd2TeO2,15788,I4/mmm,3,1.337,-3.12949487801817
Tb2TeO2,15789,I4/mmm,3,1.409,-2.87509239088484
Dy2TeO2,15790,I4/mmm,3,1.189,-3.14364575968484
Pr2O3,11434,P-3m1,2,3.917,-3.54718636852725
Eu3InO,26141,Pm-3m,3,0.0,-1.65346064117575
BaCO3,20156,R3m,3,4.72,-2.49308554502725
Rb2HgO2,4773,I4/mmm,3,2.297,-1.18340044734476
CdCO3,6313,R-3m,3,0.0,1.37439397497275
KBrO3,6314,R3m,3,3.518,-0.93279060401042
La2TeO2,5206,I4/mmm,3,2.221,-3.19530135301817
YOF,13755,P4/nmm,3,5.183,-4.12227491000329
ScBrO,21705,Pmmn,3,3.516,-3.03152073443153
PuOF,13757,P4/nmm,3,2.134,-4.00921231165105
ThSO,6069,P4/nmm,3,1.323,-3.36612627371153
Bi2O3,21434,P-4m2,2,0.222,-1.30546709752725
USO,6070,P4/nmm,3,0.0,-2.94522834913873
TiBrO,2741,Pmmn,3,0.0,-2.36422751736028
AcBrO,6074,P4/nmm,3,4.281,-3.2379598585982
PuClO,6075,P4/nmm,3,1.944,-3.27613849548039
SmBrO,22741,P4/nmm,3,4.637,-3.1404287435982
PuBrO,6076,P4/nmm,3,2.13,-3.08655572441263
YClO,6080,P4/nmm,3,5.173,-3.30549479716596
Sr2CuO3,3008,Immm,3,0.0,-2.30516083655388
CrO2,2509,P42/mnm,2,0.0,-2.11003686033892
FeClO,3292,Pmmn,3,1.552,-1.43817984163737
VClO,2027,Pmmn,3,1.471,-2.23936611226083
Cs2CuO2,7119,I4/mmm,3,0.0,-0.176314778688901
LiO2,22225,Pnnm,2,0.0,-1.19215858558584
SnO,3949,Pmn21,2,1.19,-1.43756407886498
LaCO,1727,C2/m,3,3.003,-2.06453649945959
BeSO4,3597,I-4,3,7.339,-2.15820149958806
Sm2BiO2,23911,I4/mmm,3,0.0,-2.7992905803515
TmIO,3090,P4/nmm,3,3.482,-2.93771553610236
Li2CuO2,22072,P1,3,0.0,-1.5085311386889
ZrPbO3,7137,Amm2,3,2.939,-2.67771135352725
TiO2,2575,I41/amd,2,1.965,-3.24264089184792
Ca2CuO3,3350,Immm,3,0.0,-2.41303638488721
LiHO,5357,P4/nmm,3,4.575,-1.68527457935431
BaTi2As2O,21481,P4/mmm,4,0.0,-1.66310053724188
UTeO,4126,P4/nmm,3,0.0,-2.44006683057873
GeO2,20164,Pnnm,2,2.045,-1.8856473122525
RuO2,15120,Pnnm,2,0.0,-1.2651917072525
CsCuO,6839,Ama2,3,1.558,-1.16083002918858
Ba2CuClO2,1819,R-3m,4,2.865,-2.34353777984394
Tl2O,3353,R-3m,2,0.599,-0.721638788626252
Ce2SO2,6059,P-3m1,3,3.006,-3.23541015215417
NaO2,5050,Pnnm,2,0.0,-1.04252622420305
CrO2,19968,Pnnm,2,0.0,-2.10580611533892
AlAsO4,4652,I-4,3,4.515,-2.20556820308584
AlPO4,4651,I-4,3,6.329,-2.93638531207916
Ce2BiO2,26740,I4/mmm,3,0.0,-2.6873478903515
Ta2N3O,22470,P6/mmm,3,0.0,-0.608746105318212
CO2,19213,P42/mnm,2,6.457,-1.47327700141917
MoO2,16924,P42/mnm,2,0.0,-2.09888737558584
GdBrO,7412,P4/nmm,3,4.477,-3.1749866735982
La2O3,10085,P-3m1,2,3.937,-3.68733518552725
Nd2BiO2,27121,I4/mmm,3,0.0,-2.7531908213515
Bi2SeO2,2330,I4/mmm,3,0.0,-0.304799076351502
Pr2BiO2,26741,I4/mmm,3,0.0,-2.7253531683515
NaIO3,6315,Cmmm,3,0.0,-0.117738130183246
MnO2,1696,P42/mnm,2,0.0,-1.71197964632313
SiO2,6607,Fd-3m,2,5.596,-3.07278504891917
Eu2SO2,19142,P-3m1,3,0.0,-2.30365756915417
Sr2CuBrO2,11994,R-3m,4,2.915,-2.31450744181006
ThSeO,5082,P4/nmm,3,0.996,-3.15726164404041
LaBrO,7411,P4/nmm,3,3.785,-3.24730286276486
USeO,4829,P4/nmm,3,0.0,-2.73770347946762
PrIO,22549,P4/nmm,3,3.693,-2.86142122360236
HfO2,22054,P42/nmc,2,4.876,-3.78602768558584
ZrSO,6682,P4/nmm,3,1.046,-2.66345359496404
BAsO4,5164,I-4,3,4.566,-1.93794051641917
NdOF,16449,R-3m,3,4.78,-4.05736582833662
AlPO4,20217,P2/m,3,3.538,-2.61049709041249
CrClO,2355,Pmmn,3,1.623,-2.08668948525238
Pb2O,5612,Pn-3m,2,0.0,-0.545705325292918
BPO4,5163,I-4,3,7.644,-2.61398028041249
LaClO,7233,P4/nmm,3,4.177,-3.43427342216596
IrO2,10054,P42/mnm,2,0.0,-1.06432126558584
TaO2,13645,P42/mnm,2,0.0,-2.85345085058584
AlClO,5397,Pmmn,3,5.932,-2.60759724049929
UO3,6056,P-3m1,2,1.995,-2.99439397504009
Cu2O,5184,Pn-3m,2,0.756,-0.683983191417584
U2TeO2,18960,I4/mmm,3,0.0,-2.69170551402781
GdClO,11075,P4/nmm,3,5.002,-3.34413563966596
BiBrO,4670,P4/nmm,3,2.323,-1.37850170776486
SrSO4,4411,F-43m,3,4.257,-2.32857550125473
CO2,19214,Pnnm,2,6.453,-1.47491443641917
AgClO4,16987,I-42m,3,2.857,-0.281476497772357
Ag2O,5968,Pn-3m,2,0.198,-0.233670535292918
BaMn2O3,2635,Immm,3,0.385000000000001,-2.28144063367667
Li4NO,22380,P4/mmm,3,0.0,-1.01740883687038
CeClO,12899,P4/nmm,3,4.686,-3.27014564466596
KNaO,6229,P4/nmm,3,2.632,-1.28073442391013
K4NO,22394,P4/mmm,3,0.0,-0.231542106870377
VBrO,5209,Pmmn,3,1.351,-2.0471650195264
NbO,2921,Pm-3m,2,0.0,-2.15495713460604
EuIO,5375,P4/nmm,3,0.0,-2.09401266943569
YOF,2904,R-3m,3,5.315,-4.12752504166995
NaHO,5140,Cmcm,3,3.276,-1.49609502630486
SrCu2O3,26341,Cmmm,3,0.0,-1.57049137183504
Na4NO,22387,P4/mmm,3,0.0,-0.493113137438142
HoClO,13689,P4/nmm,3,5.19,-3.34403138327707
Ba2PdO3,22840,Immm,3,0.0,-2.13886424460604
NpSeO,26960,P4/nmm,3,0.0,-2.44189438304041
NpIO,22563,P4/nmm,3,1.479,-2.74030675884986
VO2,4730,P42/mnm,2,0.915,-2.50129893068071
VO2,15757,P2/m,2,0.92,-2.50261509401404
LiUO3,4159,R-3m,3,3.244,-2.91885696403207
RbHO,11397,Cmc21,3,3.881,-1.42700016768764
RbHO,11398,P21/m,3,3.437,-1.41697665102098
UCdO4,4998,Cmmm,3,2.924,-2.54592165767318
NdBrO,4484,P4/nmm,3,4.565,-3.1120293460982
CsHSO3,10196,R3m,4,6.221,-1.65270608230563
CsCuO,7207,Cmcm,3,1.56,-1.15884884585525
RbNaO,11420,P4/nmm,3,2.416,-1.2277033205768
RhO2,5528,P42/mnm,2,0.0,-1.0378010372525
InBrO,4515,Pmmn,3,2.149,-1.51065370776486
ThTeO,6294,P4/nmm,3,0.322000000000001,-2.85952917681819
EuClO,5536,P4/nmm,3,0.0,-2.44721316049929
OsO2,2971,P42/mnm,2,0.0,-1.16083538891917
HgO,4517,P3121,2,1.148,-0.454411862089178
InClO,4514,Pmmn,3,2.496,-1.64897271383263
NbO2,10057,P42/mnm,2,0.0,-2.69147021391917
Rb4NO,22401,P4/mmm,3,0.0,-0.133500518537044
RuO2,2972,P42/mnm,2,0.0,-1.26636842891917
BaSO4,4410,F-43m,3,4.868,-2.4323922129214
Pd2O,13990,Pn-3m,2,0.0,-0.293788061959585
PbO2,4264,P42/mnm,2,0.0,-1.1145642422525
SiO2,13603,I-42d,2,6.374,-3.0694488322525
ReO2,19777,P42/mnm,2,0.0,-1.5877428022525
RbNa2NiO2,13130,I4/mmm,4,0.0,-1.05312336331641
NdO2,11596,C2/m,2,3.671,-3.1225068622525
BiClO,5692,P4/nmm,3,2.664,-1.51723808549929
NaFe2O3,22542,C2/m,3,0.0,-1.65344158755273
SiO2,20578,I-42d,2,6.268,-3.0722065522525
PtO2,13992,Pn-3m,2,0.0,0.0474861310808308
PuIO,6077,P4/nmm,3,2.11,-2.85756165941679
SmOF,14766,R-3m,3,4.743,-4.10332100083662
Ba3ZnN2O,9964,P4/mmm,4,0.603,-1.1177073495094
PrBrO,24065,P4/nmm,3,4.493,-3.09997101693153
CsClO4,6282,F-43m,3,5.707,-0.955321361522357
SnO2,20078,Pnnm,2,1.2,-1.95334728286957
Tl2O,14000,C2/m,2,0.499,-0.719921208626252
ZnSO4,2198,F-43m,3,4.994,-1.6796781429214
SrPuO4,6145,R-3m,3,0.0,-2.75851964474305
EuO2,30117,P4/nmm,2,0.0,-1.95452493558584
BiIO,5693,P4/nmm,3,1.738,-1.15031291776902
CrBrO,5232,Pmmn,3,1.271,-1.89665768751795
AgClO4,6284,F-43m,3,2.749,-0.149251469439024
K4Br2O,12493,I4/mmm,3,1.196,-1.61793420295863
Sr4P2O,6379,I4/mmm,3,1.299,-1.67454137911409
LiGeBO4,12325,I-4,4,4.894,-2.33673068835929
Sr4As2O,6380,I4/mmm,3,1.299,-1.67421940226839
LiNd2HO3,10223,Immm,4,2.237,-2.68491887854578
Sr2CuCl2O2,2356,I4/mmm,4,0.0,-2.31910158066897
K2Sn2O3,3125,R-3m,3,1.21,-1.64949278447695
Ca2CuCl2O2,1811,I4/mmm,4,0.0,-2.29230475066897
Ca4As2O,12442,I4/mmm,3,1.391,-1.79506351655411
Ca2SiO4,7320,I4/mmm,3,4.498,-3.14820479978786
YClO,11332,R-3m,3,4.476,-3.35007904049929
Yb4As2O,24767,I4/mmm,3,1.041,-1.91619135655411
Gd2CuO4,7615,I4/mmm,3,0.0,-2.92976372002886
LiO,4780,P63/mmc,2,2.221,-1.62076050668938
Sr2RuO4,6346,I4/mmm,3,0.0,-2.315986307645
Pt3O4,30891,Im-3m,2,0.0,0.394140636640713
Sr2VO4,12560,I4/mmm,3,0.0,-2.90164260125709
TiClO,7060,Pmmn,3,0.0,-2.54121382176138
Sm2CuO4,12736,I4/mmm,3,0.0,-2.877159592886
Ag3BO3,5032,R32,3,0.0,-1.03941870716232
EuBrO,5537,P4/nmm,3,0.0,-2.27867045443153
Na2Ti2Sb2O,12639,I4/mmm,4,0.0,-1.18518008216494
AlAgO2,24390,P63/mmc,3,1.609,-2.17366387856438
KClO4,6279,F-43m,3,5.499,-0.90645781235569
LiCe2HO3,10222,Immm,4,2.08,-2.63208807926006
YbBi2ClO4,16072,P4/mmm,4,0.0,-1.93257102989177
BaZnBO3F,23449,P-6,5,3.901,-2.8049781295382
Sr2FeO4,12676,I4/mmm,3,0.0,-2.45081480170418
Li2CaSiO4,3762,I-42m,4,5.858,-2.90083527356438
SrUO4,6058,R-3m,3,2.886,-3.30960111100652
Ag3O,5037,P-31m,2,0.0,-0.164360415844689
Li2PrO3,19861,Cmmm,3,0.0,-2.31920589252271
LuFe2O4,12487,R-3m,3,0.0,-2.41957350219193
YbBi2BrO4,16085,P4/mmm,4,0.0,-1.89330135261636
SrCd3O4,22269,Pm-3m,3,0.0,-1.63801499418938
DyBi2BrO4,16080,P4/mmm,4,1.452,-2.25492888219969
Sr2SnO4,5244,I4/mmm,3,3.155,-2.62937200862375
Pr2CuO4,12075,I4/mmm,3,0.0,-2.79663015002886
Sr2TiO4,3859,I4/mmm,3,1.972,-3.2651776481859
TmBi2ClO4,16071,P4/mmm,4,1.63,-2.31598337239177
Nd2AlNO3,22677,I4mm,4,1.247,-2.94193786756854
Sr3CdO4,22271,Pm-3m,3,0.873,-2.49585751168938
AlPO4,20579,I-4m2,3,0.0,-0.237171407079159
LiLa2HO3,10221,Immm,4,2.101,-2.75132991568863
LiSiBO4,12326,I-4,4,7.06,-2.81364441835929
CsLiMoO4,3986,F-43m,4,4.587,-2.389940317645
LuBi2ClO4,16073,P4/mmm,4,1.675,-2.31481825176677
NdZnAsO,15295,P4/nmm,4,0.994000000000001,-1.89742751396969
K2Sn2O3,2098,R3,3,1.208,-1.65025414161981
TmBi2BrO4,16084,P4/mmm,4,1.622,-2.26630080386636
LuBi2BrO4,16086,P4/mmm,4,1.676,-2.26514098949136
DyBi2IO4,16094,P4/mmm,4,1.683,-2.16623284157625
Sr2MoO4,19563,I4/mmm,3,0.0,-2.70491190335929
TbBi2ClO4,16066,P4/mmm,4,1.574,-2.2147678779751
LaCuSeO,16601,P4/nmm,4,1.962,-2.20175779189144
GdBi2BrO4,16078,P4/mmm,4,1.431,-2.24374313730386
YbBi2IO4,16098,P4/mmm,4,0.0,-1.81654015074292
B2O,7550,C2/m,2,0.0,-0.583899096959585
Nd2CN2O2,14804,P-3m1,4,4.139,-2.2555174985635
SrHClO,24892,P63mc,4,5.288,-2.33256941967051
NdZnSbO,26696,P4/nmm,4,0.327,-1.76474947771969
Zr3PO2,13643,P-3m1,3,0.0,-2.03818389178624
UCdO4,4997,R-3m,3,2.932,-2.50222946600652
ErBi2BrO4,16083,P4/mmm,4,1.594,-2.26039373761636
HoBi2IO4,16096,P4/mmm,4,1.685,-2.16856335740958
Ca4P2O,12441,I4/mmm,3,1.393,-1.82444227768552
BaBeSiO4,15461,Cm,4,5.057,-3.16599254835929
LiMnO2,2990,Pmmn,3,1.032,-2.11809191724234
HoBi2ClO4,16069,P4/mmm,4,1.582,-2.30642894405843
HoBi2BrO4,16082,P4/mmm,4,1.574,-2.25675452053302
TbBi2BrO4,16079,P4/mmm,4,1.449,-2.16704450569969
TbBi2IO4,16093,P4/mmm,4,1.681,-2.07945267257625
Na4I2O,12238,I4/mmm,3,2.442,-1.45217673773457
UO2F2,6057,R-3m,3,4.974,-3.48981204450876
CsCu3O2,25785,C2/m,3,1.87,-0.972267996136416
YbFe2O4,2366,R-3m,3,0.831,-2.20414621433478
K2UO4,3812,I4/mmm,3,3.149,-2.75614868657702
ErFe2O4,12364,R-3m,3,0.0,-2.39524153576336
Na4Br2O,12270,I4/mmm,3,2.139,-1.65893404487386
Pr2CN2O2,14803,P-3m1,4,4.002,-2.22963453070636
Ca4Bi2O,26187,I4/mmm,3,0.993,-1.59407903655411
Pr2NiO4,14707,Fmmm,3,0.724,-2.84950941927896
Y2CN2O2,23086,P-3m1,4,4.122,-2.34110577570636
Ti6O,3786,P-31m,2,0.0,-0.920646846942334
Ba2SnO4,5245,I4/mmm,3,2.841,-2.57858799005232
Ba4Sb2O,24723,I4/mmm,3,0.824,-1.55967937083982
Nd2NiO4,12728,I4/mmm,3,0.563,-2.86276386856467
Yb2CN2O2,26327,P-3m1,4,0.0,-1.49093883713493
La2PdO4,7223,I4/mmm,3,0.0,-2.82232305907357
Ba2ZrO4,7156,I4/mmm,3,3.04,-3.27346114335929
La2CuO4,14617,I4/mmm,3,0.0,-2.84182519360029
Ca4Sb2O,3410,I4/mmm,3,1.082,-1.70788284083982
YUO4,3454,P2/m,3,1.118,-3.67732671517318
Ba2PbO4,5243,I4/mmm,3,1.602,-2.20938018335929
Sr2CrO4,23144,I4/mmm,3,0.0,-2.7044057818249
TbOF,5620,R-3m,3,5.186,-3.94344592822551
Er2CN2O2,19160,P-3m1,4,4.168,-2.39399512713493
NpO2F2,6082,R-3m,3,0.0,-3.04949144165244
Ho2CN2O2,26325,P-3m1,4,4.193,-2.38471749665874
NaClO2,1609,C2/c,3,2.58,-0.96896473205707
GdBi2IO4,16092,P4/mmm,4,1.539,-2.15617588168042
KClO2,11261,Cmcm,3,2.16,-0.984064110594158
PrBi2BrO4,16074,P4/mmm,4,1.431,-2.18293287105386
ErBi2IO4,15817,P4/mmm,4,1.709,-2.17014094574292
LaZnPO,15294,P4/nmm,4,0.654,-2.06184987620967
FeAgO2,2292,P63/mmc,3,1.157,-1.19731437816794
LaZnSbO,26695,P4/nmm,4,0.0,-1.87075904646969
LuBi2IO4,16099,P4/mmm,4,1.8,-2.17137852636792
YZnAsO,20732,P4/nmm,4,1.46,-1.91499109646969
NaTbO2,11524,I41/amd,3,4.174,-2.86394294431896
CeCdAsO,15647,P4/nmm,4,1.201,-1.79908765459469
BeO,3721,P42/mnm,2,7.509,-2.95038321043938
YBi2BrO4,16081,P4/mmm,4,1.443,-2.23970323574136
SmBi2ClO4,16063,P4/mmm,4,1.414,-2.26536265082927
LaZnAsO,20731,P4/nmm,4,0.784,-1.99743652771969
BaZnSO,21765,Cmcm,4,2.431,-1.95632385997303
AlCuO2,6014,P63/mmc,3,2.334,-2.33091151586113
Eu2VO4,2513,I4/mmm,3,0.463,-3.22313760839995
Na2UO4,3926,Cmmm,3,3.323,-2.68813031539177
EuBi2BrO4,16077,P4/mmm,4,0.0,-1.87853555886636
TmBi2IO4,16097,P4/mmm,4,1.741,-2.17494911199292
LiBO2,6426,I-42d,3,7.677,-2.59503314043938
SmMnSbO,26699,P4/nmm,4,0.0,-1.78254864639766
Ti3O,4353,P-31m,2,0.0,-1.43229575555939
CaZnSO,23081,P63mc,4,2.936,-2.06216457747303
LaMnSbO,26697,P4/nmm,4,0.0,-1.87874050452266
GdBi2ClO4,16065,P4/mmm,4,1.429,-2.29124587457927
RbAlO2,5505,Fd-3m,3,3.827,-2.72616486293938
KPH2SO3,13532,Cm,5,4.902,-1.73714242874724
CsAlO2,5504,Fd-3m,3,4.637,-2.72328738668938
RbScO2,6142,P63/mmc,3,3.736,-2.86887226418938
LiTlO2,6304,I41/amd,3,0.587,-1.32524208543938
KO,4777,Cmca,2,2.679,-1.26537347543938
SbO2,1780,Pna21,2,2.336,-1.63423333683584
BaCoO3,1781,Cmcm,3,0.775,-1.93243032891439
K3Nb3B2O12,1792,Cm,4,2.067,-2.70382968427725
NaTaO3,1796,Pnma,3,3.175,-2.91497036469758
TeO3,5212,R-3c,2,1.584,-1.1053904489924
NaPrO2,11523,I41/amd,3,3.595,-2.85326899377729
NaNbO2,5711,P63/mmc,3,1.529,-2.42324196565229
CrHO2,2117,Pmn21,3,2.254,-2.01480443955024
SrZrO3,1945,Cmcm,3,4.008,-3.47810130352725
YbHO2,4978,P21/m,3,0.0,-2.01881630598542
UTeO5,1964,Pbcm,3,3.093,-2.33326824396446
YBi2IO4,16095,P4/mmm,4,1.617,-2.15078826761792
AlAuO2,16450,P63/mmc,3,0.802,-2.08918355043938
K2V3O8,2013,P4bm,3,1.783,-2.37806363945261
LaBi2IO4,16087,P4/mmm,4,1.47,-2.14094019949292
HgO,2854,Pnma,2,1.078,-0.453005006672512
ReO3,13997,P4/mbm,2,0.0,-1.89990923440907
LiScO2,6004,I41/amd,3,4.324,-3.21185915043938
SmBi2IO4,16090,P4/mmm,4,1.581,-2.13489663668042
NdZnPO,15293,R-3m,4,1.476,-1.99357156995967
PrBi2IO4,16088,P4/mmm,4,1.586,-2.10041857668042
KNaV2O6,2095,C2/c,4,3.438,-2.33588202366934
LaAgSO,3132,P4/nmm,4,1.568,-2.18993696684803
GaCuO2,16451,P63/mmc,3,1.325,-1.58900777586113
BaTi2O5,2154,C2/m,3,1.846,-3.27160043712079
ReO3,22781,P6322,2,0.0,-1.79877686190907
GaAgO2,16452,P63/mmc,3,0.792,-1.44946645106438
AlHO2,21145,Pnnm,3,6.353,-2.47084821598542
U2Co3O8,2251,Pnnm,3,1.471,-2.37220079252964
RbScO2,1883,P63/mmc,3,3.752,-2.86904053918938
LiMoO2,20991,C2/m,3,0.0,-2.08818054543938
Sr4S3O,21086,Pm-3m,3,2.166,-2.31403535348985
GaAuO2,16453,P63/mmc,3,0.0,-1.37033994043938
GdCuSeO,14511,P4/nmm,4,1.793,-2.15038192876644
AlHO2,21144,Pmn21,3,6.183,-2.47925668598542
BaSr3O4,22180,Pm-3m,3,2.562,-2.83523000918938
NaBiO2,22025,C2/c,3,1.155,-1.61479878065229
BaCa3O4,22183,Pm-3m,3,2.319,-2.88075980043938
CrCuO2,14775,P63/mmc,3,1.783,-1.87179839817594
Sr4SO3,21088,Pm-3m,3,2.747,-2.5831269652062
SrCa3O4,22177,Pm-3m,3,3.46,-3.09026377668938
CdHClO,15953,P63mc,4,2.676,-1.29530201342051
Ba3CaO4,22181,Pm-3m,3,2.155,-2.68129267793938
CePRuO,14486,P4/nmm,4,0.0,-2.11956779808467
SrHBrO,24893,C2/m,4,4.54,-2.20231181636969
Sr3CaO4,22175,Pm-3m,3,3.532,-2.97297225293938
FeHO2,15503,Pmn21,3,1.371,-1.47101654933898
CsClO2,20606,Cmcm,3,2.408,-0.989945905594158
ScAlCO,26757,R-3m,4,0.434,-1.80655426459469
FeCuO2,12160,P63/mmc,3,1.056,-1.34340649171469
DyCuSeO,14512,P4/nmm,4,1.775,-2.15777689980811
LiInO2,7323,I41/amd,3,2.184,-1.93458631043938
LiErO2,16421,I41/amd,3,4.587,-3.18689454793938
EuCuSeO,20214,P4/nmm,4,0.0,-1.65742204939144
ZnGaNO,20342,Pmc21,4,0.532,-1.05451532405557
AgCNO,3722,P21/m,4,3.093,-0.386512157805566
CuAgO2,16275,P21/c,3,0.0,-0.567547927736127
NdCuSO,16559,P4/nmm,4,2.3,-2.21092730414478
CuCClO,11818,Pmn21,4,2.684,-0.805822301421219
KCuO2,2982,Cmcm,3,1.347,-1.23875624836113
CeZnSbO,15235,P4/nmm,4,0.0,-1.74392259709469
YAgO2,16458,P63/mmc,3,2.55,-2.47964647981438
LiTiO2,20782,I41/amd,3,0.0,-2.83713528263594
CeNiAsO,22501,P4/nmm,4,0.0,-1.58716802870411
ThCuPO,22463,P4/nmm,4,0.0,-2.24934132444204
RbClO2,20605,Cmcm,3,2.429,-0.978500618094158
NaGdO2,4064,I41/amd,3,4.132,-3.00806109502729
GaHO2,26799,Pmn21,3,3.6,-1.74625129223542
ScAuO2,16455,P63/mmc,3,2.089,-2.42854681543938
RbCuO2,2983,Cmcm,3,1.354,-1.21777029211113
CaFeO2,23261,P-421m,3,1.081,-2.34310671129294
LiFeO2,5982,I41/amd,3,1.04,-1.90427537254294
WO3,5421,P4/nmm,2,0.755,-2.44255336440907
NaNdO2,6005,I41/amd,3,3.724,-2.88785838565229
SmBi2BrO4,16076,P4/mmm,4,1.412,-2.21943358855386
PrZnSbO,24495,P4/nmm,4,0.0,-1.75659703084469
CsSbO2,11096,C2/c,3,2.54,-1.72499886293938
ScAgO2,16454,P63/mmc,3,2.302,-2.49325886856438
PrCuSO,16128,P4/nmm,4,2.22,-2.19452899226978
YAuO2,16459,P63/mmc,3,2.926,-2.43827075043938
Ba2CrO4,2411,Pna21,3,1.626,-2.65268151361061
KAg2AsO4,25098,I-42m,4,0.403,-1.21623754731438
LaCuTeO,19841,P4/nmm,4,1.437,-2.07021618397477
AgO,8207,P21/c,2,0.0,-0.264600584189377
LiMnO2,3215,Pmmn,3,1.031,-2.11773254224234
CaHClO,11552,P63mc,4,5.609,-2.33737809842051
SrCuO2,3351,Cmcm,3,0.0,-1.95758568961113
NaMnO2,3216,Pmmn,3,1.243,-2.01674395620526
Ba3SrO4,22178,Pm-3m,3,2.256,-2.71314556793938
CuBiSeO,13331,P4/nmm,4,0.787,-0.833968583141439
Co3O4,2498,Fd-3m,2,0.0,-1.02797402204602
FeBiO3,20551,R3,3,1.525,-1.1700873442101
RbSbO2,25356,C2/c,3,2.256,-1.72594335668938
InHO2,2974,Pmn21,3,2.259,-1.60390790098542
AgCNO,4434,Cmcm,4,2.073,0.211008393444434
AuCClO,6265,Cmcm,4,2.651,-0.634375462249469
UCuPO,14349,P4/nmm,4,0.0,-1.97667921976245
MoO3,14557,P21/m,2,1.972,-2.12934481565907
Nb2Cd2O7,2553,Fd-3m,3,2.03,-2.27625658237739
ScCuO2,11367,P63/mmc,3,2.921,-2.64093494711113
Pb3O4,2559,P2/m,2,1.227,-1.24042882657357
GdZnPO,26555,R-3m,4,1.424,-2.04563867683467
CoO,2579,Fm-3m,2,0.0,-0.858162793907228
Li3UO4,19007,I4/mmm,3,3.208,-2.78003114450489
KSbO2,25355,C2/c,3,2.081,-1.74773615793938
W3O,19304,Pm-3n,2,0.0,0.738930162280312
PbO,3082,Pbcm,2,2.109,-1.30289773918938
YCuO2,6614,P63/mmc,3,3.121,-2.63945266711113
LiYbO2,6403,I41/amd,3,0.0,-2.31302093668938
InAgO2,16456,Cmcm,3,0.432,-1.27157076856438
EuBi2IO4,16091,P4/mmm,4,0.0,-1.80950440574292
InHO2,21133,Pnnm,3,2.262,-1.59544071598542
BeZnO2,20134,I-42d,3,2.935,-2.26020370043938
PrBi2ClO4,16061,P4/mmm,4,1.433,-2.22497142457927
AlTlO2,5655,R-3m,3,2.362,-2.29501554918938
SmFeAsO,20692,P4/nmm,4,0.0,-1.75298191419825
NdBi2BrO4,16075,P4/mmm,4,1.318,-2.19733553699136
SmZnPO,26556,R-3m,4,1.405,-2.01898093308467
YHO2,2332,P21/m,3,4.409,-2.84388636223542
CeZnPO,26256,R-3m,4,1.192,-1.95336396058467
Eu4As2O,1866,I4/mmm,3,0.875,-1.92677552798268
InAuO2,16457,Cmcm,3,0.0,-1.19924227918938
VCu3O4,26526,I-42m,3,0.984,-1.39140150423258
YZnPO,26554,R-3m,4,1.607,-2.03143153745967
Rb2UO4,3941,I4/mmm,3,2.967,-2.73624924371987
Zr3O,14002,P6322,2,0.0,-1.47368367771969
VAg3O4,26405,I-42m,3,0.703,-1.16016287516245
DyZnPO,26557,R-3m,4,1.405,-2.05385901912634
Ta2O5,24181,C2,2,1.983,-2.67735765277054
RbAuO2,2998,Cmcm,3,1.568,-0.991346419189377
AgClO2,3550,Cmma,3,0.215,-0.0167331062191582
CsBiO2,24854,C2/c,3,2.426,-1.54953762168938
Cs2UO4,3940,I4/mmm,3,2.931,-2.72722224086273
PrZnPO,26257,R-3m,4,1.424,-1.97652401183467
Cr3O,3259,Pm-3n,2,0.0,0.140872642835867
CeMnSbO,26698,P4/nmm,4,0.0,-1.75847651389766
RbBiO2,24867,C2/c,3,2.208,-1.56019295418938
NaAuO2,25035,Cmcm,3,1.157,-0.974462633152289
CsSmO2,5311,P63/mmc,3,3.015,-2.76731370231438
Sm2CN2O2,14805,P-3m1,4,4.076,-2.29796946784922
LaOF,5881,R-3m,3,4.46,-4.15092745833662
Nb2O5,31135,C2/m,2,2.177,-2.83172701848482
TbFeAsO,27076,P4/nmm,4,0.0,-1.61920473598992
FeHO2,4721,Cmcm,3,1.538,-1.46591050933898
LaFeAsO,20746,P4/nmm,4,0.0,-1.81623393107325
NdBi2IO4,16089,P4/mmm,4,1.481,-2.11485362886792
TlGaO2,6290,R-3m,3,2.258,-1.46688758793938
CeFeAsO,20607,P4/nmm,4,0.0,-1.69480769919825
Tl3VO4,14570,Imm2,3,2.368,-1.60972681422495
SmFeAsO,20693,P4/nmm,4,0.0,-1.75298587544825
NdFeAsO,20842,P4/nmm,4,0.0,-1.73036234107325
GdFeAsO,27075,P4/nmm,4,0.0,-1.77863995794825
K3CrO4,18950,I-42m,3,1.382,-1.88236515347178
UCO5,15535,Imm2,3,4.163,-2.57038426277398
PrFePO,14485,P4/nmm,4,0.0,-1.79419610893823
BaFeSi4O10,2674,P21212,4,3.294,-2.91315987326261
Na4CoO3,2780,Cc,3,1.438,-1.46775540787232
RbLi2I3O9,2832,P21/c,4,3.724,-1.21465872601292
Zn2Mo3O8,2916,P63mc,3,1.713,-2.00487320938693
WO3,2919,P21/c,2,2.238,-2.38187596378407
Sr3UO6,2942,P21,3,3.58,-3.23878561177966
AgO,5376,C2/c,2,0.0,-0.262990654189377
SmFePO,14487,P4/nmm,4,0.0,-1.83784772518823
CsFeO2,26976,Fd-3m,3,1.597,-1.66260180754294
LuMnO3,3254,Cmc21,3,0.0,-3.02425573530296
K2CuPbN6O12,3324,Fm-3,5,0.0,-0.81595307519514
Sr2Ta2O7,3426,Cmc21,3,3.092,-3.29141595419557
NdFeAsO,20843,P4/nmm,4,0.0,-1.72946144232325
NaTaO3,3533,Pna21,3,3.177,-2.91387553869758
Sr2Cu2O3,12525,Fmmm,3,0.0,-1.44404777871575
RbFeO2,26975,Fd-3m,3,1.506,-1.61944615504294
PrFeAsO,20611,P4/nmm,4,0.0,-1.71523518669825
Li2UO4,3938,Fmmm,3,3.197,-2.63951224371987
SrNiO2,6685,Cmcm,3,1.253,-1.9589379482988
Bi2MoO6,3676,Pbca,3,0.0,-1.78483790808584
AgO,5373,C2/c,2,0.0,-0.263281084189377
NaPO3,3717,Pnma,3,5.583,-2.4982691913229
Na2Nb4O11,3744,C2/c,3,3.048,-2.72963430419821
CaB2O4,3802,Pccn,3,6.284,-2.94411333371643
Li3B5H2O10,3816,P41212,4,6.454,-2.41177813065779
Li3Pr2B3O9,3830,P21/c,4,5.137,-2.92118542325934
NbSbO4,3878,Pna21,3,2.347,-2.30814093058584
NaVO3,3933,C2/c,3,3.335,-2.3093733937545
Na8Si6SnO18,3979,C2/m,4,4.532,-2.62712522331764
NaNbO3,4069,Cmcm,3,1.908,-2.67006026769758
Pb3O4,4165,P-1,2,1.235,-1.22639798835929
Li4ZnP2O8,4188,P21,4,5.124,-2.51135901766333
YFeO3,4432,Pnma,3,1.155,-2.7436932902101
LiBH4O4,4438,Pbca,4,6.445,-1.72482786985017
FeC5O5,4468,Cc,3,3.611,-0.634948745028001
SeO2,4506,P42/mbc,2,3.481,-0.911055616002503
Ba3SrNb2O9,4624,P1,4,3.255,-3.06681986019392
Ba3SrTa2O9,4625,P1,4,3.896,-3.20918551719392
K2ZrSi3O9,4634,P21/m,4,5.602,-3.03149163152725
NdNiO3,4719,Pnma,3,0.0,-2.31044291431479
AgNO3,5076,Pbca,3,1.619,-0.425696379345953
Fe2Mo3O8,5279,P21,3,1.45,-2.00420597414296
Sm2O3,5385,I213,2,4.145,-3.68919581452725
Tl2O3,5430,I213,2,0.0,-0.916809891027253
Er2O3,5432,I213,2,4.24,-3.88520960677725
Ho2O3,5433,I213,2,4.281,-3.86167201611059
Dy2O3,5434,I213,2,4.16,-3.83731374419392
Gd2O3,5435,I213,2,4.201,-3.78004678852725
LaCoO3,5633,Pm-3m,3,0.526000000000001,-2.41638744991439
CoO,5673,F-43m,2,0.881,-1.24370120890723
LiCoO2,5701,R-3m,3,0.0,-1.5471009134233
SrVSi2O7,5859,Ama2,4,2.789,-2.98962355422145
CaTi4Cu3O12,5876,Im-3m,4,0.0,-2.14150112853756
LiAlSi4O10,5999,P2/c,4,5.81,-3.02051423086172
LiH2SO4,6123,Pnma,4,5.901999999999999,-1.60196028851834
Sc2O3,6306,I213,2,3.903,-3.79262894477725
Y2O3,6307,I213,2,4.304,-3.79532869927725
In2O3,6308,I213,2,1.426,-1.83110142852725
Tb2O3,6309,I213,2,4.182,-3.54766158189392
Lu2O3,6311,I213,2,4.319,-3.95325200652725
Na3LiTi2Si4H4O16,6330,C2/c,6,3.607,-2.56312922143081
H8SN2O4,6427,Pnma,4,6.054,-0.964104481712585
H8SN2O4,6428,Pna21,4,6.28,-0.969638679712585
Ba2Mn2As2O,13566,C2/m,4,0.372,-1.32253579290036
BHO2,6457,P-43n,3,7.696,-2.10362840765209
AgPbBrO,6385,P4/nmm,4,0.288,-0.876751277698648
CeFeAsO,20608,P4/nmm,4,0.0,-1.69483751919825
Fe3O4,6485,Pbcm,2,0.489,-1.61915304214396
LaFeAsO,22218,P4/nmm,4,0.0,-1.81709656482325
PrFeAsO,20612,P4/nmm,4,0.0,-1.71542318794825
FeHO2,1948,Cmc21,3,0.739,-0.966996029338981
LaFeAsO,20700,Cmma,4,0.0,-1.81799728982325
PbO,6712,Pca21,2,1.917,-1.26864995293938
BaN2O6,6601,Pa-3,3,3.38,-1.35118045093995
KFeO2,26974,Fd-3m,3,1.381,-1.57998262754294
Sr2SiO4,6669,P21,3,5.284,-3.22753524300215
Na2Pd3O4,2413,Immm,3,0.45,-1.04710885169092
SiO2,16288,P6422,2,5.869,-3.06798714558584
Li3Cu2O4,12150,C2/m,3,0.0,-1.46310655298767
SiO2,8287,P6222,2,5.745,-3.07169858669695
H4NClO4,6727,Pnma,4,6.028,-0.507602623821435
Li4CO4,23089,P-43m,3,4.835,-1.73886459011278
SiO2,15009,P3221,2,6.152,-3.06544059558584
Na4CO4,23097,P-43m,3,2.863,-1.47626516271351
Sb2PbO6,3610,P-31m,3,2.051,-1.71787165391917
K4CO4,23103,P-43m,3,3.196,-1.41940724566834
Rb4CO4,23111,P-43m,3,2.591,-1.37665873455722
Sr2CaWO6,6758,Pmm2,4,3.05,-2.97617513152725
CsBe2BO3F2,3778,C2,5,6.487,-3.0685108717665
NiAs2O6,14507,P-31m,3,2.715,-1.45000577463447
GdTe2ClO5,15686,P4/mmm,4,0.441000000000001,-1.90285501324217
Ba2Zn3As2O2,12404,I4/mmm,4,0.365,-1.35395682797306
SrSb2O6,13345,P-31m,3,3.094,-2.20278147058584
BaNdMn2O5,20175,P4/mmm,4,0.0,-2.70714920431306
Cs4CO4,23121,P-43m,3,2.269,-1.39941231677945
As2PdO6,23051,P-31m,3,0.0,-1.16653888169695
HgAs2O6,25362,P-31m,3,1.164,-1.27486780447098
BaPrMn2O5,20174,P4/mmm,4,0.0,-2.69564518014639
CdAs2O6,24195,P-31m,3,2.343,-1.51808615503028
SiO2,7178,P1,2,6.095,-3.06359227669695
RbBe2BO3F2,2369,C2,5,6.519,-3.07070829732205
BaYFeCuO5,12399,P4mm,5,0.0,-2.38330236827722
SiO2,22612,P3121,2,6.054,-3.06536770114139
GeO2,12165,P3221,2,3.539,-1.88636204558584
NaNiIO6,4345,C2,4,1.757,-0.92000139722113
BaYMn2O5,14993,P4/mmm,4,0.0,-2.7321111987575
BaCuB2O5,15134,C2,4,0.0,-2.41858290678675
Na5CuSO2,25728,P4/mmm,4,1.951,-1.32733535685734
FeH4Cl2O2,3157,C2/m,4,3.56,-1.23669069890519
U2Cl5O2,4202,Cmmm,3,0.0,-2.53282206832237
Sr2Cu3S2O2,15656,I4/mmm,4,0.0,-1.55885278164947
Sr2ZnCu2S2O2,15144,I4/mmm,5,1.039,-1.66514067035091
Li4CO4,23091,R3m,3,5.09,-1.71418040455722
MgH4Cl2O2,21954,C2/m,4,5.635,-1.5203407100999
K4CO4,23106,C2,3,2.58,-1.51788048344611
GeO2,22613,P3121,2,3.543,-1.8877137422525
Ba2Fe2S2OF2,23573,I4/mmm,5,1.393,-2.39063828099957
Ba2TlCuO5,12164,P4/mmm,4,0.0,-1.7286363062312
Sr2Mn3As2O2,6154,I4/mmm,4,0.0,-1.51202118204368
Dy2CN2O2,26324,P-3m1,4,4.213,-2.37301852046827
As2PbO6,14604,P-31m,3,2.314,-1.5499073872525
Sr2Fe2S2OF2,23572,I4/mmm,5,1.223,-2.4181660232218
Sr2Fe2Se2OF2,23574,I4/mmm,5,1.221,-2.31309797788549
Na4CO4,23100,C2,3,2.674,-1.59203381826907
MnAs2O6,14509,P-31m,3,1.918,-1.69707917305382
Rb4CO4,23113,I-42m,3,2.349,-1.43779558789056
Na5NiSO2,25727,P4/mmm,4,0.236,-1.14828040849631
K4CO4,23105,I-42m,3,3.407,-1.50218815566834
BaDy2NiO5,12997,Immm,4,2.295,-3.02694683546275
BaSb2O6,13346,P-31m,3,3.248,-2.19207472836361
CrP3O9,7081,Cc,3,3.704,-2.4282599760806
SrGeTeO6,15708,C2,4,3.265,-2.08768230040065
NaNbO3,7140,Pmc21,3,2.613,-2.66075369469758
MnH4Cl2O2,3156,C2/m,4,4.201,-1.36160129154937
LaSiBO5,7160,P31,4,4.68,-3.25347006096589
MnH4Br2O2,4078,C2/m,4,3.695,-1.24915889639308
Li4CO4,23090,I-42m,3,6.664,-1.87649106122389
Sr2Ti2Sb2OF2,21224,I4/mmm,5,0.0,-2.3825538113015
BaY2NiO5,12538,Immm,4,2.396,-2.99881624398127
Nd2Fe2Se2O3,21571,I4/mmm,4,1.355,-2.20350302049608
TiO2,7500,P3121,2,3.455,-3.14918320295904
Sr2Ti2As2OF2,21223,I4/mmm,5,0.0,-2.5230284013015
Sb2PbO6,14655,C2/m,3,2.052,-1.71722184947473
Pr2Fe2S2O3,22291,I4/mmm,4,1.146,-2.29757183972127
BaNd2NiO5,11684,Immm,4,2.191,-2.90436084398127
Ce2Fe2S2O3,22290,I4/mmm,4,1.231,-2.28156076638794
RbGeIO6,13232,C2,4,2.815,-1.34963477585565
Li4CO4,23096,C2,3,6.692,-1.870808312335
Pr2Mn2Se2O3,22416,I4/mmm,4,1.609,-2.37069273856222
Na4IrO4,12381,I4/m,3,0.484,-1.50291164076907
Rb4CO4,23114,R3,3,2.717,-1.36848631566834
K2OsCl4O2,3106,I4/mmm,4,1.852,-1.53553360047044
Rb4CO4,23115,I222,3,2.353,-1.44178272789056
Sr2Cu2NiS2O2,15657,I4/mmm,5,0.61,-1.53001062773288
Cs4CO4,23123,I-42m,3,2.398,-1.42222788455722
V2ZnO6,5202,C2,3,2.168,-2.14615329953797
SrAs2O6,26854,P-31m,3,3.699,-2.04775715058584
Cs2UCl4O2,7100,Cm,4,3.334,-2.48050348963979
Ba2Mn3As2O2,6155,I4/mmm,4,0.0,-1.4825569042659
Ba2Mn3Sb2O2,6157,I4/mmm,4,0.0,-1.37187465093257
BaGd2NiO5,11635,Immm,4,2.348,-3.00089745009238
Sr2Mn3Sb2O2,6156,I4/mmm,4,0.0,-1.38846634982146
YSiNO2,8309,Cmcm,4,4.304,-2.8074722794202
MgV2O6,2735,C2/m,3,2.546,-2.48013193055649
BaSm2NiO5,11634,Immm,4,2.155,-2.95204093231461
ZrTi2O,2502,Cmmm,3,0.0,-1.19715137961282
KNiIO6,11303,P312,4,1.806,-0.935562409904281
CdSb2O6,12711,P-31m,3,1.758,-1.66422120169695
CuH4O2F2,2511,C2/m,4,0.0,-1.36573850227149
Na4CO4,23102,R3,3,2.875,-1.4742175016024
V2CuO6,5467,P-1,3,0.986,-1.97008065972542
MnV2O6,7369,C2/m,3,1.197,-2.31657202867262
Li4CO4,23092,Cm,3,6.877,-1.870726452335
Ba2MnZn2As2O2,15275,I4/mmm,5,0.0,-1.4680663559966
NdTe2ClO5,15685,P4/mmm,4,0.324,-1.88783668629773
BaTm2NiO5,11638,Immm,4,2.296,-3.05924970175905
V2CdO6,3266,C2/m,3,2.267,-2.12186101731575
Ti4O5,13999,I4/m,2,0.0,-2.94289805828209
La2Fe2Se2O3,12355,I4/mmm,4,1.236,-2.29413005827386
Pu2SO2,6053,C2/m,3,1.543,-3.3425388051315
MnO2,19294,C2/m,2,0.629,-1.73175073021202
La2Mn2Se2O3,22414,I4/mmm,4,1.931,-2.47139953022889
BaYb2NiO5,12382,Immm,4,0.0,-2.49285513064794
BaHo2NiO5,11636,Immm,4,2.325,-3.03646761583312
BaTiO3,9932,C2221,3,1.732,-3.27774440895117
Nd3TaO7,10002,Cmcm,3,3.434,-3.55569756101375
Na4CO4,23101,Cm,3,3.961,-1.61197833049129
Ca2RuO4,10189,P1,3,0.0,-2.34974425693072
Ba2VP2O9,10247,P-1,4,2.698,-2.91912833186523
K2ZrSi3O9,10257,P21/m,4,5.598,-3.03248424219392
Ce2Mn2Se2O3,22415,I4/mmm,4,1.83,-2.35934778300667
Ba2Fe2Se2OF2,23571,I4/mmm,5,1.265,-2.29079901455216
Na4CO4,23099,I-42m,3,4.071,-1.6268391616024
BaEr2NiO5,11637,Immm,4,2.479,-3.04552333064794
BaPr2NiO5,13497,Immm,4,2.124,-2.87418694898127
Li4ZnP2O8,11191,P21/c,4,5.315,-2.51061215449666
BaLuCo4O7,11213,P63mc,4,0.0,-2.02188903376108
BaHoCo4O7,11214,P63mc,4,0.0,-2.00306905324826
SnO,11335,Cmc21,2,0.215,-1.53707803886498
Rb4CO4,23117,Amm2,3,0.0,-0.897715959001669
SiO2,11433,Cmc21,2,6.081,-3.01437830669695
Tm2O3,11465,Ia-3,2,4.302,-3.92301363227725
BaCu3O4,12053,Cmmm,3,0.0,-0.919181213572002
Pb3SO6,11498,P-1,3,2.81,-1.54541986792859
CsPH2O4,11499,P21,4,6.085,-2.03869577148041
TiCdO3,11581,Pnma,3,2.2,-2.42966603178451
K4CO4,23109,R3,3,3.458,-1.41146809122389
UB2O6,23463,C2,3,4.065,-2.92217878308851
CsLiSO4,11778,Pnma,4,5.887,-2.17070737393263
K4CO4,23104,R3m,3,3.167,-1.41677774455722
LaVO3,11824,P-1,3,1.117,-3.23203637508418
Cu8O,11717,Amm2,2,0.0,-0.18239418215275
USb2O6,25806,C2/m,3,2.339,-2.31577625308851
LiCdPO4,11897,Pna21,4,3.735,-2.31158913642499
KBe2BO3F2,3339,C2,5,6.879,-3.06350214343316
